{"LM Score": 86.87373632808416, "SS Score": 61.56635972722929, "ICAT": 66.77747862370238, "BLiMP": 0.7767, "BLiMP AGA": 0.964, "BLiMP ISV1": 0.899, "BLiMP ISV2": 0.87, "BLiMP RSV1": 0.902, "BLiMP RSV2": 0.937, "CrowS-Pairs": 0.553125, "WinoBias Type1 Dev": 0.5681818181818182, "WinoBias Type1 Test": 0.5505050505050505, "WinoBias Type2 Dev": 0.6287878787878788, "WinoBias Type2 Test": 0.6338383838383839, "model": "gpt2_attn_heads_acdc", "seed": "5", "Professions": 0.8327430145611964}