{"LM Score": 87.54579277405364, "SS Score": 63.78100321578582, "ICAT": 63.41641573909858, "BLiMP": 0.7806, "BLiMP AGA": 0.969, "BLiMP ISV1": 0.881, "BLiMP ISV2": 0.848, "BLiMP RSV1": 0.909, "BLiMP RSV2": 0.892, "CrowS-Pairs": 0.565625, "WinoBias Type1 Dev": 0.6136363636363636, "WinoBias Type1 Test": 0.5606060606060606, "WinoBias Type2 Dev": 0.6414141414141414, "WinoBias Type2 Test": 0.6515151515151515, "model": "gpt2_attn_layers_all", "seed": "4", "Professions": 0.8315623770169225}