{"LM Score": 87.85818167339906, "SS Score": 61.76225642312598, "ICAT": 67.1899724391569, "BLiMP": 0.7782, "BLiMP AGA": 0.949, "BLiMP ISV1": 0.899, "BLiMP ISV2": 0.864, "BLiMP RSV1": 0.895, "BLiMP RSV2": 0.935, "CrowS-Pairs": 0.546875, "WinoBias Type1 Dev": 0.5757575757575758, "WinoBias Type1 Test": 0.5656565656565656, "WinoBias Type2 Dev": 0.6136363636363636, "WinoBias Type2 Test": 0.6388888888888888, "model": "gpt2_attn_heads_dm_top10", "seed": "2", "Professions": 0.8073593073593074}