{"LM Score": 87.78926468056903, "SS Score": 59.5827692436388, "ICAT": 70.96397937051657, "BLiMP": 0.7606, "BLiMP AGA": 0.959, "BLiMP ISV1": 0.889, "BLiMP ISV2": 0.851, "BLiMP RSV1": 0.899, "BLiMP RSV2": 0.87, "CrowS-Pairs": 0.571875, "WinoBias Type1 Dev": 0.601010101010101, "WinoBias Type1 Test": 0.5555555555555556, "WinoBias Type2 Dev": 0.5959595959595959, "WinoBias Type2 Test": 0.6136363636363636, "model": "gpt2_acdc", "seed": "2", "Professions": 0.8242817788272334}