{"LM Score": 87.91633889459976, "SS Score": 59.708042521086, "ICAT": 70.84642776886012, "BLiMP": 0.7701, "BLiMP AGA": 0.965, "BLiMP ISV1": 0.873, "BLiMP ISV2": 0.859, "BLiMP RSV1": 0.927, "BLiMP RSV2": 0.89, "CrowS-Pairs": 0.590625, "WinoBias Type1 Dev": 0.5858585858585859, "WinoBias Type1 Test": 0.5505050505050505, "WinoBias Type2 Dev": 0.6060606060606061, "WinoBias Type2 Test": 0.5984848484848485, "model": "gpt2_all", "seed": "5", "Professions": 0.8364817001180638}