{"LM Score": 87.87094909920997, "SS Score": 63.89076125163082, "ICAT": 63.45906160138336, "BLiMP": 0.7634, "BLiMP AGA": 0.965, "BLiMP ISV1": 0.87, "BLiMP ISV2": 0.849, "BLiMP RSV1": 0.907, "BLiMP RSV2": 0.88, "CrowS-Pairs": 0.61875, "WinoBias Type1 Dev": 0.5782828282828283, "WinoBias Type1 Test": 0.5555555555555556, "WinoBias Type2 Dev": 0.553030303030303, "WinoBias Type2 Test": 0.5782828282828283, "model": "gpt2_all", "seed": "4", "Professions": 0.849862258953168}