{"LM Score": 87.59762427588514, "SS Score": 64.17076417945984, "ICAT": 62.771118749995246, "BLiMP": 0.7824, "BLiMP AGA": 0.974, "BLiMP ISV1": 0.877, "BLiMP ISV2": 0.842, "BLiMP RSV1": 0.913, "BLiMP RSV2": 0.887, "CrowS-Pairs": 0.60625, "WinoBias Type1 Dev": 0.5984848484848485, "WinoBias Type1 Test": 0.5505050505050505, "WinoBias Type2 Dev": 0.6237373737373737, "WinoBias Type2 Test": 0.6111111111111112, "model": "gpt2_attn_layers_all", "seed": "5", "Professions": 0.8364817001180638}