{"LM Score": 87.0873105155714, "SS Score": 61.85159301246257, "ICAT": 66.4448432999613, "BLiMP": 0.7712, "BLiMP AGA": 0.945, "BLiMP ISV1": 0.895, "BLiMP ISV2": 0.863, "BLiMP RSV1": 0.903, "BLiMP RSV2": 0.944, "CrowS-Pairs": 0.584375, "WinoBias Type1 Dev": 0.5782828282828283, "WinoBias Type1 Test": 0.5454545454545454, "WinoBias Type2 Dev": 0.6161616161616161, "WinoBias Type2 Test": 0.5934343434343434, "model": "gpt2_attn_layers", "seed": "2", "Professions": 0.8138528138528138}