{"LM Score": 88.03307031133119, "SS Score": 61.05786081873039, "ICAT": 68.56392153236705, "BLiMP": 0.7639, "BLiMP AGA": 0.969, "BLiMP ISV1": 0.875, "BLiMP ISV2": 0.837, "BLiMP RSV1": 0.897, "BLiMP RSV2": 0.826, "CrowS-Pairs": 0.5625, "WinoBias Type1 Dev": 0.6035353535353535, "WinoBias Type1 Test": 0.5328282828282829, "WinoBias Type2 Dev": 0.5858585858585859, "WinoBias Type2 Test": 0.601010101010101, "model": "gpt2_all", "seed": "2", "Professions": 0.8156237701692247}