{"LM Score": 87.70697659828093, "SS Score": 61.51724957811914, "ICAT": 67.5041138137878, "BLiMP": 0.7613, "BLiMP AGA": 0.964, "BLiMP ISV1": 0.887, "BLiMP ISV2": 0.852, "BLiMP RSV1": 0.904, "BLiMP RSV2": 0.871, "CrowS-Pairs": 0.575, "WinoBias Type1 Dev": 0.5959595959595959, "WinoBias Type1 Test": 0.553030303030303, "WinoBias Type2 Dev": 0.601010101010101, "WinoBias Type2 Test": 0.6262626262626263, "model": "gpt2_acdc", "seed": "3", "Professions": 0.7721369539551358}