{"LM Score": 87.44505148635585, "SS Score": 62.58867074954031, "ICAT": 65.42871224958915, "BLiMP": 0.769, "BLiMP AGA": 0.942, "BLiMP ISV1": 0.896, "BLiMP ISV2": 0.867, "BLiMP RSV1": 0.902, "BLiMP RSV2": 0.942, "CrowS-Pairs": 0.584375, "WinoBias Type1 Dev": 0.5631313131313131, "WinoBias Type1 Test": 0.5681818181818182, "WinoBias Type2 Dev": 0.6085858585858586, "WinoBias Type2 Test": 0.6035353535353535, "model": "gpt2_attn_layers", "seed": "1", "Professions": 0.8077528532073986}