{"LM Score": 86.89184857010945, "SS Score": 61.76967235662888, "ICAT": 66.43807680746944, "BLiMP": 0.7729, "BLiMP AGA": 0.954, "BLiMP ISV1": 0.899, "BLiMP ISV2": 0.871, "BLiMP RSV1": 0.901, "BLiMP RSV2": 0.925, "CrowS-Pairs": 0.565625, "WinoBias Type1 Dev": 0.601010101010101, "WinoBias Type1 Test": 0.5429292929292929, "WinoBias Type2 Dev": 0.601010101010101, "WinoBias Type2 Test": 0.6287878787878788, "model": "gpt2_attn_heads_cma_top10", "seed": "4", "Professions": 0.8164108618654073}