{"LM Score": 87.71828324654412, "SS Score": 61.406612067481625, "ICAT": 67.70691468216809, "BLiMP": 0.7692, "BLiMP AGA": 0.948, "BLiMP ISV1": 0.896, "BLiMP ISV2": 0.861, "BLiMP RSV1": 0.902, "BLiMP RSV2": 0.942, "CrowS-Pairs": 0.578125, "WinoBias Type1 Dev": 0.547979797979798, "WinoBias Type1 Test": 0.5404040404040404, "WinoBias Type2 Dev": 0.5833333333333334, "WinoBias Type2 Test": 0.5808080808080808, "model": "gpt2_attn_layers", "seed": "5", "Professions": 0.8144431326249508}