{"LM Score": 87.06991124817213, "SS Score": 62.081751742621314, "ICAT": 66.0307702091224, "BLiMP": 0.7759, "BLiMP AGA": 0.955, "BLiMP ISV1": 0.895, "BLiMP ISV2": 0.863, "BLiMP RSV1": 0.899, "BLiMP RSV2": 0.936, "CrowS-Pairs": 0.553125, "WinoBias Type1 Dev": 0.5757575757575758, "WinoBias Type1 Test": 0.5732323232323232, "WinoBias Type2 Dev": 0.5808080808080808, "WinoBias Type2 Test": 0.6287878787878788, "model": "gpt2_attn_heads_dm_top10", "seed": "1", "Professions": 0.8089334907516725}