{"LM Score": 90.22571470397557, "SS Score": 61.549092936049455, "ICAT": 69.38521141722161, "BLiMP": 0.7631, "BLiMP AGA": 0.969, "BLiMP ISV1": 0.881, "BLiMP ISV2": 0.865, "BLiMP RSV1": 0.88, "BLiMP RSV2": 0.89, "CrowS-Pairs": 0.584375, "WinoBias Type1 Dev": 0.5909090909090909, "WinoBias Type1 Test": 0.5580808080808081, "WinoBias Type2 Dev": 0.5934343434343434, "WinoBias Type2 Test": 0.6237373737373737, "model": "gpt2_acdc", "seed": "1", "Professions": 0.7788272333726879}