{"LM Score": 87.3157067570111, "SS Score": 60.33835809922766, "ICAT": 69.26168587418843, "BLiMP": 0.7691, "BLiMP AGA": 0.945, "BLiMP ISV1": 0.9, "BLiMP ISV2": 0.867, "BLiMP RSV1": 0.904, "BLiMP RSV2": 0.939, "CrowS-Pairs": 0.56875, "WinoBias Type1 Dev": 0.5681818181818182, "WinoBias Type1 Test": 0.5505050505050505, "WinoBias Type2 Dev": 0.6161616161616161, "WinoBias Type2 Test": 0.5959595959595959, "model": "gpt2_attn_layers", "seed": "4", "Professions": 0.8112947658402204}