{"LM Score": 87.23764407894842, "SS Score": 61.67809726505378, "ICAT": 66.86225022438637, "BLiMP": 0.7732, "BLiMP AGA": 0.951, "BLiMP ISV1": 0.885, "BLiMP ISV2": 0.865, "BLiMP RSV1": 0.892, "BLiMP RSV2": 0.913, "CrowS-Pairs": 0.571875, "WinoBias Type1 Dev": 0.6035353535353535, "WinoBias Type1 Test": 0.5505050505050505, "WinoBias Type2 Dev": 0.6212121212121212, "WinoBias Type2 Test": 0.6186868686868687, "model": "gpt2_random", "seed": "4", "Professions": 0.829004329004329}