{"LM Score": 87.92401455227541, "SS Score": 59.5073432203867, "ICAT": 71.20553887902027, "BLiMP": 0.7601, "BLiMP AGA": 0.95, "BLiMP ISV1": 0.88, "BLiMP ISV2": 0.863, "BLiMP RSV1": 0.905, "BLiMP RSV2": 0.909, "CrowS-Pairs": 0.59375, "WinoBias Type1 Dev": 0.5681818181818182, "WinoBias Type1 Test": 0.5606060606060606, "WinoBias Type2 Dev": 0.6085858585858586, "WinoBias Type2 Test": 0.5808080808080808, "model": "gpt2_acdc", "seed": "5", "Professions": 0.8376623376623377}