{"LM Score": 87.82597555423642, "SS Score": 62.02932269019226, "ICAT": 66.6962355437795, "BLiMP": 0.7697, "BLiMP AGA": 0.952, "BLiMP ISV1": 0.895, "BLiMP ISV2": 0.865, "BLiMP RSV1": 0.896, "BLiMP RSV2": 0.936, "CrowS-Pairs": 0.553125, "WinoBias Type1 Dev": 0.5732323232323232, "WinoBias Type1 Test": 0.5631313131313131, "WinoBias Type2 Dev": 0.5909090909090909, "WinoBias Type2 Test": 0.6287878787878788, "model": "gpt2_attn_heads_cma_top10", "seed": "3", "Professions": 0.8225108225108225}