{"LM Score": 87.0157474570518, "SS Score": 60.4904515774081, "ICAT": 68.75905775364832, "BLiMP": 0.764, "BLiMP AGA": 0.967, "BLiMP ISV1": 0.873, "BLiMP ISV2": 0.841, "BLiMP RSV1": 0.912, "BLiMP RSV2": 0.842, "CrowS-Pairs": 0.55625, "WinoBias Type1 Dev": 0.5984848484848485, "WinoBias Type1 Test": 0.5656565656565656, "WinoBias Type2 Dev": 0.6161616161616161, "WinoBias Type2 Test": 0.6085858585858586, "model": "gpt2_all", "seed": "3", "Professions": 0.8048012593467139}