{"LM Score": 87.26991124817212, "SS Score": 60.8743776352472, "ICAT": 68.2897918260295, "BLiMP": 0.7779, "BLiMP AGA": 0.956, "BLiMP ISV1": 0.9, "BLiMP ISV2": 0.866, "BLiMP RSV1": 0.907, "BLiMP RSV2": 0.936, "CrowS-Pairs": 0.55, "WinoBias Type1 Dev": 0.5934343434343434, "WinoBias Type1 Test": 0.5707070707070707, "WinoBias Type2 Dev": 0.6111111111111112, "WinoBias Type2 Test": 0.6464646464646465, "model": "gpt2_attn_heads_dm_top10", "seed": "4", "Professions": 0.8156237701692247}