{"LM Score": 87.82653296783732, "SS Score": 62.10819936906894, "ICAT": 66.55810954646371, "BLiMP": 0.7714, "BLiMP AGA": 0.954, "BLiMP ISV1": 0.891, "BLiMP ISV2": 0.859, "BLiMP RSV1": 0.895, "BLiMP RSV2": 0.913, "CrowS-Pairs": 0.571875, "WinoBias Type1 Dev": 0.5757575757575758, "WinoBias Type1 Test": 0.553030303030303, "WinoBias Type2 Dev": 0.6186868686868687, "WinoBias Type2 Test": 0.6388888888888888, "model": "gpt2_random", "seed": "3", "Professions": 0.8305785123966942}