{"LM Score": 88.15441321963061, "SS Score": 65.4795613404309, "ICAT": 60.86258028237131, "BLiMP": 0.7815, "BLiMP AGA": 0.961, "BLiMP ISV1": 0.876, "BLiMP ISV2": 0.853, "BLiMP RSV1": 0.917, "BLiMP RSV2": 0.896, "CrowS-Pairs": 0.575, "WinoBias Type1 Dev": 0.5934343434343434, "WinoBias Type1 Test": 0.553030303030303, "WinoBias Type2 Dev": 0.6363636363636364, "WinoBias Type2 Test": 0.6313131313131313, "model": "gpt2_attn_layers_all", "seed": "3", "Professions": 0.8317591499409681}