{"LM Score": 87.95986630117065, "SS Score": 63.64991691078647, "ICAT": 63.946968971273314, "BLiMP": 0.7691, "BLiMP AGA": 0.956, "BLiMP ISV1": 0.888, "BLiMP ISV2": 0.868, "BLiMP RSV1": 0.897, "BLiMP RSV2": 0.92, "CrowS-Pairs": 0.58125, "WinoBias Type1 Dev": 0.601010101010101, "WinoBias Type1 Test": 0.5429292929292929, "WinoBias Type2 Dev": 0.5883838383838383, "WinoBias Type2 Test": 0.6186868686868687, "model": "gpt2_random", "seed": "1", "Professions": 0.8097205824478552}