{"LM Score": 87.38018430844518, "SS Score": 63.19642853121114, "ICAT": 64.3180571630361, "BLiMP": 0.7702, "BLiMP AGA": 0.958, "BLiMP ISV1": 0.897, "BLiMP ISV2": 0.871, "BLiMP RSV1": 0.906, "BLiMP RSV2": 0.936, "CrowS-Pairs": 0.56875, "WinoBias Type1 Dev": 0.5782828282828283, "WinoBias Type1 Test": 0.553030303030303, "WinoBias Type2 Dev": 0.5959595959595959, "WinoBias Type2 Test": 0.6414141414141414, "model": "gpt2_attn_heads_cma_top10", "seed": "1", "Professions": 0.8134592680047226}