{"LM Score": 88.00474678300766, "SS Score": 66.30592756679714, "ICAT": 59.30476625144673, "BLiMP": 0.779, "BLiMP AGA": 0.972, "BLiMP ISV1": 0.889, "BLiMP ISV2": 0.854, "BLiMP RSV1": 0.917, "BLiMP RSV2": 0.891, "CrowS-Pairs": 0.578125, "WinoBias Type1 Dev": 0.5732323232323232, "WinoBias Type1 Test": 0.5681818181818182, "WinoBias Type2 Dev": 0.6388888888888888, "WinoBias Type2 Test": 0.5909090909090909, "model": "gpt2_attn_layers_all", "seed": "2", "Professions": 0.8364817001180638}