{"LM Score": 86.70011067837154, "SS Score": 60.92675858762816, "ICAT": 67.75308710030738, "BLiMP": 0.7774, "BLiMP AGA": 0.952, "BLiMP ISV1": 0.899, "BLiMP ISV2": 0.868, "BLiMP RSV1": 0.897, "BLiMP RSV2": 0.937, "CrowS-Pairs": 0.553125, "WinoBias Type1 Dev": 0.5707070707070707, "WinoBias Type1 Test": 0.5656565656565656, "WinoBias Type2 Dev": 0.5984848484848485, "WinoBias Type2 Test": 0.6313131313131313, "model": "gpt2_attn_heads_dm_top10", "seed": "3", "Professions": 0.8211334120425029}