{"LM Score": 86.23514528949312, "SS Score": 62.07592423679381, "ICAT": 65.40776366819661, "BLiMP": 0.7796, "BLiMP AGA": 0.961, "BLiMP ISV1": 0.899, "BLiMP ISV2": 0.866, "BLiMP RSV1": 0.902, "BLiMP RSV2": 0.932, "CrowS-Pairs": 0.55, "WinoBias Type1 Dev": 0.553030303030303, "WinoBias Type1 Test": 0.5808080808080808, "WinoBias Type2 Dev": 0.6136363636363636, "WinoBias Type2 Test": 0.6439393939393939, "model": "gpt2_attn_heads_dm_top10", "seed": "5", "Professions": 0.8197560015741834}