{"LM Score": 93.27790824312564, "SS Score": 62.66777425473077, "ICAT": 69.64543855157751, "BLiMP": 0.7969, "BLiMP AGA": 0.955, "BLiMP ISV1": 0.894, "BLiMP ISV2": 0.858, "BLiMP RSV1": 0.892, "BLiMP RSV2": 0.948, "CrowS-Pairs": 0.578125, "WinoBias Type1 Dev": 0.5681818181818182, "WinoBias Type1 Test": 0.5707070707070707, "WinoBias Type2 Dev": 0.6287878787878788, "WinoBias Type2 Test": 0.6237373737373737, "model": "gpt2_baseline", "seed": "0", "Professions": 0.8390397481306572}