{"LM Score": 88.0166515449124, "SS Score": 63.092333753203306, "ICAT": 64.9697839876046, "BLiMP": 0.7686, "BLiMP AGA": 0.94, "BLiMP ISV1": 0.897, "BLiMP ISV2": 0.864, "BLiMP RSV1": 0.905, "BLiMP RSV2": 0.942, "CrowS-Pairs": 0.58125, "WinoBias Type1 Dev": 0.5833333333333334, "WinoBias Type1 Test": 0.5580808080808081, "WinoBias Type2 Dev": 0.6161616161616161, "WinoBias Type2 Test": 0.5858585858585859, "model": "gpt2_attn_layers", "seed": "3", "Professions": 0.8138528138528138}