{"LM Score": 87.04533638664074, "SS Score": 61.434084594954165, "ICAT": 67.1396615898189, "BLiMP": 0.7758, "BLiMP AGA": 0.962, "BLiMP ISV1": 0.888, "BLiMP ISV2": 0.864, "BLiMP RSV1": 0.892, "BLiMP RSV2": 0.91, "CrowS-Pairs": 0.590625, "WinoBias Type1 Dev": 0.5808080808080808, "WinoBias Type1 Test": 0.5454545454545454, "WinoBias Type2 Dev": 0.601010101010101, "WinoBias Type2 Test": 0.6237373737373737, "model": "gpt2_random", "seed": "2", "Professions": 0.8384494293585203}