{"LM Score": 86.63658217788652, "SS Score": 62.46745862832819, "ICAT": 65.03382209783541, "BLiMP": 0.7753, "BLiMP AGA": 0.963, "BLiMP ISV1": 0.895, "BLiMP ISV2": 0.86, "BLiMP RSV1": 0.891, "BLiMP RSV2": 0.907, "CrowS-Pairs": 0.58125, "WinoBias Type1 Dev": 0.5858585858585859, "WinoBias Type1 Test": 0.5681818181818182, "WinoBias Type2 Dev": 0.5959595959595959, "WinoBias Type2 Test": 0.6186868686868687, "model": "gpt2_random", "seed": "5", "Professions": 0.8319559228650137}