{"LM Score": 88.77754250580338, "SS Score": 62.00141726228683, "ICAT": 67.46841588315236, "BLiMP": 0.7669, "BLiMP AGA": 0.965, "BLiMP ISV1": 0.876, "BLiMP ISV2": 0.849, "BLiMP RSV1": 0.897, "BLiMP RSV2": 0.853, "CrowS-Pairs": 0.603125, "WinoBias Type1 Dev": 0.5934343434343434, "WinoBias Type1 Test": 0.5580808080808081, "WinoBias Type2 Dev": 0.6085858585858586, "WinoBias Type2 Test": 0.6212121212121212, "model": "gpt2_all", "seed": "1", "Professions": 0.7922077922077922}