{"LM Score": 87.88157180983268, "SS Score": 58.54287435591783, "ICAT": 72.86634728639326, "BLiMP": 0.7574, "BLiMP AGA": 0.964, "BLiMP ISV1": 0.879, "BLiMP ISV2": 0.858, "BLiMP RSV1": 0.897, "BLiMP RSV2": 0.899, "CrowS-Pairs": 0.590625, "WinoBias Type1 Dev": 0.6060606060606061, "WinoBias Type1 Test": 0.5429292929292929, "WinoBias Type2 Dev": 0.5909090909090909, "WinoBias Type2 Test": 0.6186868686868687, "model": "gpt2_acdc", "seed": "4", "Professions": 0.8522235340417159}