{"LM Score": 87.47462818984557, "SS Score": 61.590071924854534, "ICAT": 67.19788354344121, "BLiMP": 0.7749, "BLiMP AGA": 0.957, "BLiMP ISV1": 0.899, "BLiMP ISV2": 0.87, "BLiMP RSV1": 0.903, "BLiMP RSV2": 0.933, "CrowS-Pairs": 0.55, "WinoBias Type1 Dev": 0.5909090909090909, "WinoBias Type1 Test": 0.553030303030303, "WinoBias Type2 Dev": 0.5959595959595959, "WinoBias Type2 Test": 0.6287878787878788, "model": "gpt2_attn_heads_acdc", "seed": "2", "Professions": 0.8307752853207399}