{"LM Score": 87.71412371847154, "SS Score": 65.56124036993603, "ICAT": 60.415312458042685, "BLiMP": 0.7828, "BLiMP AGA": 0.964, "BLiMP ISV1": 0.878, "BLiMP ISV2": 0.866, "BLiMP RSV1": 0.914, "BLiMP RSV2": 0.903, "CrowS-Pairs": 0.584375, "WinoBias Type1 Dev": 0.5732323232323232, "WinoBias Type1 Test": 0.547979797979798, "WinoBias Type2 Dev": 0.6237373737373737, "WinoBias Type2 Test": 0.6060606060606061, "model": "gpt2_attn_layers_all", "seed": "1", "Professions": 0.8341204250295159}